"stable_database_id","current_slug","current_breed_name","bird_type","current_breed_category","current_description","egg_color","annual_egg_production","temperament","production_traits","default_photo_url","image_prompt","image_url","is_active","is_custom","sort_order","created_at","updated_at","species_id","proposed_base_breed","proposed_variety","proposed_breed_category","proposed_status","review_notes"
"ea5f3019-178f-4941-b613-243bbafdce11","barred-rock","Barred Rock",,,,,,,,,,"catalog-images/catalog/breeds/chicken/barred-rock/20260720T165113Z-9bf59769e183.png","True","False","0","2026-05-18T19:24:30.215217+00:00","2026-07-20T16:51:14.282526+00:00","0c1c7eda-e2a8-425e-a3e9-c659d9751eaa","","","","",""
"d2a2f408-ab0f-414f-b076-b30d6d8ec50e","black-australorp","Black Australorp",,,,,,,,,,,"True","False","0","2026-05-18T19:24:30.215217+00:00","2026-05-18T19:24:30.215217+00:00","0c1c7eda-e2a8-425e-a3e9-c659d9751eaa","","","","",""
"273c8ef6-bce3-4d62-9c19-1a207bf9f7ad","buff-orpington","Buff Orpington",,,,,,,,,,,"True","False","0","2026-05-18T19:24:30.215217+00:00","2026-05-18T19:24:30.215217+00:00","0c1c7eda-e2a8-425e-a3e9-c659d9751eaa","","","","",""
"92b762ba-73a2-4183-8ed8-f253fd532838","leghorn","Leghorn",,,,,,,,,,,"True","False","0","2026-05-18T19:24:30.215217+00:00","2026-05-18T19:24:30.215217+00:00","0c1c7eda-e2a8-425e-a3e9-c659d9751eaa","","","","",""
"3bc0b5d1-42ca-4ba4-b080-5bf824393fe6","marans","Marans",,,,,,,,,,,"True","False","0","2026-05-18T19:24:30.215217+00:00","2026-05-18T19:24:30.215217+00:00","0c1c7eda-e2a8-425e-a3e9-c659d9751eaa","","","","",""
"d74a416a-9e02-45c6-aa86-c00c0a09f3b9","wyandotte","Wyandotte",,,,,,,,,,,"True","False","0","2026-05-18T19:24:30.215217+00:00","2026-05-18T19:24:30.215217+00:00","0c1c7eda-e2a8-425e-a3e9-c659d9751eaa","","","","",""
"17e9adec-2604-45f0-b78a-1178a3900c67","ameraucana","Ameraucana","layer","Layers","Ameraucana are hardy blue-egg layers with pea combs and an active, alert nature. They are a good choice for colorful egg baskets and small flocks.","blue","150_200",,,,,,"True","False","10","2026-05-24T16:48:38.61579+00:00","2026-06-10T19:33:45.616962+00:00","0c1c7eda-e2a8-425e-a3e9-c659d9751eaa","","","","",""
"052175a6-f412-4f83-9b77-dc003e0c06a6","ameraucana-black","Ameraucana - Black",,"Layers",,,,,,,,"catalog-images/catalog/breeds/chicken/ameraucana-black/20260611T234611Z-a539d3377f31.png","True","False","20","2026-05-24T16:48:38.61579+00:00","2026-06-11T23:46:11.724764+00:00","0c1c7eda-e2a8-425e-a3e9-c659d9751eaa","","","","",""
"44595cae-14ec-4507-9391-d3c6830c319a","ameraucana-blue","Ameraucana - Blue",,"Layers",,,,,,,,"catalog-images/catalog/breeds/chicken/ameraucana-blue/20260611T234105Z-82d319684e24.png","True","False","30","2026-05-24T16:48:38.61579+00:00","2026-06-11T23:41:05.853293+00:00","0c1c7eda-e2a8-425e-a3e9-c659d9751eaa","","","","",""
"70b15912-888c-4531-b057-6da470912c7c","ameraucana-blue-wheaten","Ameraucana - Blue Wheaten",,"Layers",,,,,,,,,"True","False","40","2026-05-24T16:48:38.61579+00:00","2026-05-24T16:48:38.61579+00:00","0c1c7eda-e2a8-425e-a3e9-c659d9751eaa","","","","",""
"56956481-6042-4320-9f91-5d3530680d05","ameraucana-buff","Ameraucana - Buff",,"Layers",,,,,,,,,"True","False","50","2026-05-24T16:48:38.61579+00:00","2026-05-24T16:48:38.61579+00:00","0c1c7eda-e2a8-425e-a3e9-c659d9751eaa","","","","",""
"dcc5094a-090f-4a2d-b460-de790642ce02","ameraucana-lavender","Ameraucana - Lavender",,"Layers",,,,,,,,,"True","False","60","2026-05-24T16:48:38.61579+00:00","2026-05-24T16:48:38.61579+00:00","0c1c7eda-e2a8-425e-a3e9-c659d9751eaa","","","","",""
"45d16f20-39f2-46d3-aa3c-04cde4e9fc11","ameraucana-splash","Ameraucana - Splash",,"Layers",,,,,,,,,"True","False","70","2026-05-24T16:48:38.61579+00:00","2026-05-24T16:48:38.61579+00:00","0c1c7eda-e2a8-425e-a3e9-c659d9751eaa","","","","",""
"6cc8f1fe-ed6a-4cfa-9ba0-450c8e276f57","ameraucana-wheaten","Ameraucana - Wheaten",,"Layers",,,,,,,,,"True","False","80","2026-05-24T16:48:38.61579+00:00","2026-05-24T16:48:38.61579+00:00","0c1c7eda-e2a8-425e-a3e9-c659d9751eaa","","","","",""
"d9ca3499-d6a0-4cc2-97df-2cfa4cdcd291","ameraucana-white","Ameraucana - White",,"Layers",,,,,,,,,"True","False","90","2026-05-24T16:48:38.61579+00:00","2026-05-24T16:48:38.61579+00:00","0c1c7eda-e2a8-425e-a3e9-c659d9751eaa","","","","",""
"534be542-de80-4381-ac6a-70518e1768fa","ancona","Ancona",,"Layers",,,,,,,,,"True","False","100","2026-05-24T16:48:38.61579+00:00","2026-05-24T16:48:38.61579+00:00","0c1c7eda-e2a8-425e-a3e9-c659d9751eaa","","","","",""
"f19d41bd-0bd2-4fe3-a442-04b381ffc4fc","andalusian-blue","Andalusian - Blue",,"Layers",,,,,,,,,"True","False","110","2026-05-24T16:48:38.61579+00:00","2026-05-24T16:48:38.61579+00:00","0c1c7eda-e2a8-425e-a3e9-c659d9751eaa","","","","",""
"b8eb874b-6cf0-422b-aa69-59cc2753dd30","appenzeller-spitzhauben","Appenzeller Spitzhauben",,"Layers",,,,,,,,,"True","False","120","2026-05-24T16:48:38.61579+00:00","2026-05-24T16:48:38.61579+00:00","0c1c7eda-e2a8-425e-a3e9-c659d9751eaa","","","","",""
"9c6e24ba-217d-4a6a-b024-85d807c709f4","araucana","Araucana",,"Layers",,,,,,,,,"True","False","130","2026-05-24T16:48:38.61579+00:00","2026-05-24T16:48:38.61579+00:00","0c1c7eda-e2a8-425e-a3e9-c659d9751eaa","","","","",""
"ee2be08b-513f-4883-9151-0c56c93b29c6","australorp-black","Australorp - Black","dual_purpose","Dual Purpose","Black Australorp are calm, productive dual-purpose birds known for steady brown egg production and reliable backyard manners.","brown","250_300",,,,,,"True","False","140","2026-05-24T16:48:38.61579+00:00","2026-06-10T19:33:45.616962+00:00","0c1c7eda-e2a8-425e-a3e9-c659d9751eaa","","","","",""
"08bf35b8-6459-4a87-8057-d52c52efb9e6","australorp-blue","Australorp - Blue",,"Dual Purpose",,,,,,,,,"True","False","150","2026-05-24T16:48:38.61579+00:00","2026-05-24T16:48:38.61579+00:00","0c1c7eda-e2a8-425e-a3e9-c659d9751eaa","","","","",""
"6652086b-3b9d-4c70-924e-65dcb308169b","australorp-splash","Australorp - Splash",,"Dual Purpose",,,,,,,,,"True","False","160","2026-05-24T16:48:38.61579+00:00","2026-05-24T16:48:38.61579+00:00","0c1c7eda-e2a8-425e-a3e9-c659d9751eaa","","","","",""
"dd5ddb2c-49ab-4562-aa7a-dd37e3a00776","ayam-cemani","Ayam Cemani",,"Layers",,,,,,,,,"True","False","170","2026-05-24T16:48:38.61579+00:00","2026-05-24T16:48:38.61579+00:00","0c1c7eda-e2a8-425e-a3e9-c659d9751eaa","","","","",""
"17e3df80-375e-40b7-bdc8-49a539692f67","bantam-ameraucana-black","Bantam Ameraucana - Black",,"Bantams",,,,,,,,,"True","False","180","2026-05-24T16:48:38.61579+00:00","2026-05-24T16:48:38.61579+00:00","0c1c7eda-e2a8-425e-a3e9-c659d9751eaa","","","","",""
"3fadd27a-9f83-41a8-b5c4-e015437b4457","bantam-ameraucana-blue","Bantam Ameraucana - Blue",,"Bantams",,,,,,,,,"True","False","190","2026-05-24T16:48:38.61579+00:00","2026-05-24T16:48:38.61579+00:00","0c1c7eda-e2a8-425e-a3e9-c659d9751eaa","","","","",""
"f27ec467-881d-4208-a2d9-e56c508e896a","bantam-ameraucana-splash","Bantam Ameraucana - Splash",,"Bantams",,,,,,,,,"True","False","200","2026-05-24T16:48:38.61579+00:00","2026-05-24T16:48:38.61579+00:00","0c1c7eda-e2a8-425e-a3e9-c659d9751eaa","","","","",""
"74582c57-3011-4efe-ba9c-4060f6c34464","bantam-brahma-buff","Bantam Brahma - Buff",,"Bantams",,,,,,,,,"True","False","210","2026-05-24T16:48:38.61579+00:00","2026-05-24T16:48:38.61579+00:00","0c1c7eda-e2a8-425e-a3e9-c659d9751eaa","","","","",""
"dde1cab1-60eb-468b-a402-606dbdeb9576","bantam-brahma-dark","Bantam Brahma - Dark",,"Bantams",,,,,,,,,"True","False","220","2026-05-24T16:48:38.61579+00:00","2026-05-24T16:48:38.61579+00:00","0c1c7eda-e2a8-425e-a3e9-c659d9751eaa","","","","",""
"4056c348-26b7-4783-b851-73eb7f08b8de","bantam-brahma-light","Bantam Brahma - Light",,"Bantams",,,,,,,,,"True","False","230","2026-05-24T16:48:38.61579+00:00","2026-05-24T16:48:38.61579+00:00","0c1c7eda-e2a8-425e-a3e9-c659d9751eaa","","","","",""
"f52a817b-843a-4ca5-a5be-e80c981a200f","bantam-cochin-black","Bantam Cochin - Black",,"Bantams",,,,,,,,,"True","False","240","2026-05-24T16:48:38.61579+00:00","2026-05-24T16:48:38.61579+00:00","0c1c7eda-e2a8-425e-a3e9-c659d9751eaa","","","","",""
"b20a2ff0-c20a-425e-96b8-3f982dbc8fae","bantam-cochin-blue","Bantam Cochin - Blue",,"Bantams",,,,,,,,,"True","False","250","2026-05-24T16:48:38.61579+00:00","2026-05-24T16:48:38.61579+00:00","0c1c7eda-e2a8-425e-a3e9-c659d9751eaa","","","","",""
"ccfad1e8-1a16-46c4-b67e-5a530bdc847e","bantam-cochin-buff","Bantam Cochin - Buff",,"Bantams",,,,,,,,,"True","False","260","2026-05-24T16:48:38.61579+00:00","2026-05-24T16:48:38.61579+00:00","0c1c7eda-e2a8-425e-a3e9-c659d9751eaa","","","","",""
"dbbc629a-5052-4c1a-8558-f3f0d6d21e12","bantam-easter-egger","Bantam Easter Egger",,"Bantams",,,,,,,,,"True","False","270","2026-05-24T16:48:38.61579+00:00","2026-05-24T16:48:38.61579+00:00","0c1c7eda-e2a8-425e-a3e9-c659d9751eaa","","","","",""
"79033205-5234-4791-9dc1-9dcf24eaf45a","bantam-frizzle","Bantam Frizzle",,"Bantams",,,,,,,,,"True","False","280","2026-05-24T16:48:38.61579+00:00","2026-05-24T16:48:38.61579+00:00","0c1c7eda-e2a8-425e-a3e9-c659d9751eaa","","","","",""
"f2baa744-9904-4562-a442-75de12cbff8c","bantam-frizzle-salmon","Bantam Frizzle - Salmon",,"Bantams",,,,,,,,,"True","False","290","2026-05-24T16:48:38.61579+00:00","2026-05-24T16:48:38.61579+00:00","0c1c7eda-e2a8-425e-a3e9-c659d9751eaa","","","","",""
"9bade100-bcd6-405f-b75e-ee47ab6bddac","bantam-mille-cochin","Bantam Mille Cochin",,"Bantams",,,,,,,,,"True","False","300","2026-05-24T16:48:38.61579+00:00","2026-05-24T16:48:38.61579+00:00","0c1c7eda-e2a8-425e-a3e9-c659d9751eaa","","","","",""
"b0963d7f-6fa7-42c7-b8f0-5bb3fd05aa13","bantam-silkie","Bantam Silkie",,"Bantams",,,,,,,,,"True","False","310","2026-05-24T16:48:38.61579+00:00","2026-05-24T16:48:38.61579+00:00","0c1c7eda-e2a8-425e-a3e9-c659d9751eaa","","","","",""
"9ce76636-e2f6-40b3-834d-3cb999dcd3a8","bantam-modern-brown","Bantam Modern - Brown",,"Bantams",,,,,,,,,"True","False","320","2026-05-24T16:48:38.61579+00:00","2026-05-24T16:48:38.61579+00:00","0c1c7eda-e2a8-425e-a3e9-c659d9751eaa","","","","",""
"56b47d0a-f7f0-4807-b220-5ec3dab93c0d","bantam-modern-white","Bantam Modern - White",,"Bantams",,,,,,,,,"True","False","330","2026-05-24T16:48:38.61579+00:00","2026-05-24T16:48:38.61579+00:00","0c1c7eda-e2a8-425e-a3e9-c659d9751eaa","","","","",""
"e145d218-6d46-474e-a48c-9113a4893c90","bantam-orpington-buff","Bantam Orpington - Buff",,"Bantams",,,,,,,,,"True","False","340","2026-05-24T16:48:38.61579+00:00","2026-05-24T16:48:38.61579+00:00","0c1c7eda-e2a8-425e-a3e9-c659d9751eaa","","","","",""
"f918da92-a42e-4687-bade-ba017d9ebfb5","bantam-orpington-lavender","Bantam Orpington - Lavender",,"Bantams",,,,,,,,,"True","False","350","2026-05-24T16:48:38.61579+00:00","2026-05-24T16:48:38.61579+00:00","0c1c7eda-e2a8-425e-a3e9-c659d9751eaa","","","","",""
"93a7ccb5-a3c0-4f10-81e4-d0d6601e4bda","bantam-phoenix-golden","Bantam Phoenix - Golden",,"Bantams",,,,,,,,,"True","False","360","2026-05-24T16:48:38.61579+00:00","2026-05-24T16:48:38.61579+00:00","0c1c7eda-e2a8-425e-a3e9-c659d9751eaa","","","","",""
"e5bab3e6-4b3e-4025-b9a3-783ca907bea5","bantam-phoenix-silver","Bantam Phoenix - Silver",,"Bantams",,,,,,,,,"True","False","370","2026-05-24T16:48:38.61579+00:00","2026-05-24T16:48:38.61579+00:00","0c1c7eda-e2a8-425e-a3e9-c659d9751eaa","","","","",""
"af0e29eb-7c8a-4526-ba8a-f55860067ff5","bantam-plymouth-rock-barred","Bantam Plymouth Rock - Barred",,"Bantams",,,,,,,,,"True","False","380","2026-05-24T16:48:38.61579+00:00","2026-05-24T16:48:38.61579+00:00","0c1c7eda-e2a8-425e-a3e9-c659d9751eaa","","","","",""
"6df88ed6-a400-4dfa-995c-bbd22f46014e","bantam-polish-golden-laced","Bantam Polish - Golden Laced",,"Bantams",,,,,,,,,"True","False","390","2026-05-24T16:48:38.61579+00:00","2026-05-24T16:48:38.61579+00:00","0c1c7eda-e2a8-425e-a3e9-c659d9751eaa","","","","",""
"113886f6-9d9f-4994-8be6-6802364ee956","bantam-polish-silver-laced","Bantam Polish - Silver Laced",,"Bantams",,,,,,,,,"True","False","400","2026-05-24T16:48:38.61579+00:00","2026-05-24T16:48:38.61579+00:00","0c1c7eda-e2a8-425e-a3e9-c659d9751eaa","","","","",""
"d9bebef1-8808-4b19-8d1d-2776bb12c7d7","bantam-polish-white-crested-black","Bantam Polish - White Crested Black",,"Bantams",,,,,,,,,"True","False","410","2026-05-24T16:48:38.61579+00:00","2026-05-24T16:48:38.61579+00:00","0c1c7eda-e2a8-425e-a3e9-c659d9751eaa","","","","",""
"021a0d98-02e3-472b-bd25-58e11de64c2d","bantam-rhode-island-red","Bantam Rhode Island Red",,"Bantams",,,,,,,,,"True","False","420","2026-05-24T16:48:38.61579+00:00","2026-05-24T16:48:38.61579+00:00","0c1c7eda-e2a8-425e-a3e9-c659d9751eaa","","","","",""
"f32218f2-ce18-4d8a-b5dd-cca88b200993","bantam-sussex-speckled","Bantam Sussex - Speckled",,"Bantams",,,,,,,,,"True","False","430","2026-05-24T16:48:38.61579+00:00","2026-05-24T16:48:38.61579+00:00","0c1c7eda-e2a8-425e-a3e9-c659d9751eaa","","","","",""
"d2d5aaaa-78c3-4858-a55d-532531b5c9ab","bantam-wyandotte-blue-laced-red","Bantam Wyandotte - Blue Laced Red",,"Bantams",,,,,,,,,"True","False","440","2026-05-24T16:48:38.61579+00:00","2026-05-24T16:48:38.61579+00:00","0c1c7eda-e2a8-425e-a3e9-c659d9751eaa","","","","",""
"6e50918e-859f-43d5-bef3-998d356f4174","bantam-wyandotte-golden-laced","Bantam Wyandotte - Golden Laced",,"Bantams",,,,,,,,,"True","False","450","2026-05-24T16:48:38.61579+00:00","2026-05-24T16:48:38.61579+00:00","0c1c7eda-e2a8-425e-a3e9-c659d9751eaa","","","","",""
"15c4c727-06ff-4f5f-8fd6-2c7b89e414a0","bantam-wyandotte-silver-laced","Bantam Wyandotte - Silver Laced",,"Bantams",,,,,,,,,"True","False","460","2026-05-24T16:48:38.61579+00:00","2026-05-24T16:48:38.61579+00:00","0c1c7eda-e2a8-425e-a3e9-c659d9751eaa","","","","",""
"b02c9e26-2d85-4c8b-a123-5d5eb622b978","barnevelder-double-laced","Barnevelder - Double Laced",,"Layers",,,,,,,,,"True","False","470","2026-05-24T16:48:38.61579+00:00","2026-05-24T16:48:38.61579+00:00","0c1c7eda-e2a8-425e-a3e9-c659d9751eaa","","","","",""
"8945b6f3-5050-433a-bf71-077c7467560f","barnevelder-silver-double-laced","Barnevelder - Silver Double Laced",,"Layers",,,,,,,,,"True","False","480","2026-05-24T16:48:38.61579+00:00","2026-05-24T16:48:38.61579+00:00","0c1c7eda-e2a8-425e-a3e9-c659d9751eaa","","","","",""
"6e48a535-6cc0-4af6-9f29-8dac9a6b1c27","belgian-d-anver-black","Belgian d'Anver - Black",,"Bantams",,,,,,,,,"True","False","490","2026-05-24T16:48:38.61579+00:00","2026-05-24T16:48:38.61579+00:00","0c1c7eda-e2a8-425e-a3e9-c659d9751eaa","","","","",""
"ad5aee5d-30a1-4b0d-9f30-90163a3b391f","belgian-d-anver-mille-fleur","Belgian d'Anver - Mille Fleur",,"Bantams",,,,,,,,,"True","False","500","2026-05-24T16:48:38.61579+00:00","2026-05-24T16:48:38.61579+00:00","0c1c7eda-e2a8-425e-a3e9-c659d9751eaa","","","","",""
"313efe6f-9bba-455f-b605-8b5d9878c265","belgian-d-anver-quail","Belgian d'Anver - Quail",,"Bantams",,,,,,,,,"True","False","510","2026-05-24T16:48:38.61579+00:00","2026-05-24T16:48:38.61579+00:00","0c1c7eda-e2a8-425e-a3e9-c659d9751eaa","","","","",""
"99e42994-bb54-4be9-8a10-5579bba3c465","belgian-d-uccle-black","Belgian d'Uccle - Black",,"Bantams",,,,,,,,,"True","False","520","2026-05-24T16:48:38.61579+00:00","2026-05-24T16:48:38.61579+00:00","0c1c7eda-e2a8-425e-a3e9-c659d9751eaa","","","","",""
"5a9d6cb8-f492-4f37-8fe0-ec73b5c98539","belgian-d-uccle-mille-fleur","Belgian d'Uccle - Mille Fleur",,"Bantams",,,,,,,,,"True","False","530","2026-05-24T16:48:38.61579+00:00","2026-05-24T16:48:38.61579+00:00","0c1c7eda-e2a8-425e-a3e9-c659d9751eaa","","","","",""
"5da96117-a32d-45e9-b393-1ee3db2ff52e","belgian-d-uccle-mottled","Belgian d'Uccle - Mottled",,"Bantams",,,,,,,,,"True","False","540","2026-05-24T16:48:38.61579+00:00","2026-05-24T16:48:38.61579+00:00","0c1c7eda-e2a8-425e-a3e9-c659d9751eaa","","","","",""
"d11d46f0-af53-44dd-adbf-a383c3f3bf14","belgian-d-uccle-porcelain","Belgian d'Uccle - Porcelain",,"Bantams",,,,,,,,,"True","False","550","2026-05-24T16:48:38.61579+00:00","2026-05-24T16:48:38.61579+00:00","0c1c7eda-e2a8-425e-a3e9-c659d9751eaa","","","","",""
"faa1b9db-02e2-47f8-b520-24095e91435b","black-sex-link","Black Sex Link",,"Layers",,,,,,,,,"True","False","560","2026-05-24T16:48:38.61579+00:00","2026-05-24T16:48:38.61579+00:00","0c1c7eda-e2a8-425e-a3e9-c659d9751eaa","","","","",""
"44d9cceb-7e2c-42de-84be-a6b03b2b12ce","bovans-brown","Bovans Brown",,"Layers",,,,,,,,,"True","False","570","2026-05-24T16:48:38.61579+00:00","2026-05-24T16:48:38.61579+00:00","0c1c7eda-e2a8-425e-a3e9-c659d9751eaa","","","","",""
"0b6532bf-7dc9-4ae6-ad44-d8c4d89c2cce","brahma","Brahma","dual_purpose","Dual Purpose","Brahma are large, gentle dual-purpose chickens with feathered legs and a cold-hardy build. They are often valued for temperament and winter presence.","brown","150_200",,,,,,"True","False","580","2026-05-24T16:48:38.61579+00:00","2026-06-10T19:33:45.616962+00:00","0c1c7eda-e2a8-425e-a3e9-c659d9751eaa","","","","",""
"ec3acb74-ee4d-438f-9fd0-1c9953ec3656","brahma-black","Brahma - Black",,"Dual Purpose",,,,,,,,,"True","False","590","2026-05-24T16:48:38.61579+00:00","2026-05-24T16:48:38.61579+00:00","0c1c7eda-e2a8-425e-a3e9-c659d9751eaa","","","","",""
"11d1c60b-54f3-4099-8dca-f107544ec458","brahma-blue","Brahma - Blue",,"Dual Purpose",,,,,,,,,"True","False","600","2026-05-24T16:48:38.61579+00:00","2026-05-24T16:48:38.61579+00:00","0c1c7eda-e2a8-425e-a3e9-c659d9751eaa","","","","",""
"9718ec1e-ab05-42a8-b537-777c659b6053","brahma-buff","Brahma - Buff",,"Dual Purpose",,,,,,,,,"True","False","610","2026-05-24T16:48:38.61579+00:00","2026-05-24T16:48:38.61579+00:00","0c1c7eda-e2a8-425e-a3e9-c659d9751eaa","","","","",""
"b721aef1-ed41-4b58-955d-25b75674af25","brahma-dark","Brahma - Dark",,"Dual Purpose",,,,,,,,,"True","False","620","2026-05-24T16:48:38.61579+00:00","2026-05-24T16:48:38.61579+00:00","0c1c7eda-e2a8-425e-a3e9-c659d9751eaa","","","","",""
"6ca0cc41-07b8-4231-bbf4-1480834e0aa6","brahma-light","Brahma - Light",,"Dual Purpose",,,,,,,,,"True","False","630","2026-05-24T16:48:38.61579+00:00","2026-05-24T16:48:38.61579+00:00","0c1c7eda-e2a8-425e-a3e9-c659d9751eaa","","","","",""
"fa1c5247-5974-4024-bf45-e500b0085582","brahma-silver","Brahma - Silver",,"Dual Purpose",,,,,,,,,"True","False","640","2026-05-24T16:48:38.61579+00:00","2026-05-24T16:48:38.61579+00:00","0c1c7eda-e2a8-425e-a3e9-c659d9751eaa","","","","",""
"07f93423-e673-4f51-be3c-a2048ebdc139","buckeye","Buckeye","dual_purpose","Dual Purpose","Buckeye are hardy dual-purpose chickens developed for cold weather, with active foraging habits and brown eggs.","brown","150_200",,,,,,"True","False","650","2026-05-24T16:48:38.61579+00:00","2026-06-10T19:33:45.616962+00:00","0c1c7eda-e2a8-425e-a3e9-c659d9751eaa","","","","",""
"2b460e54-b2f5-4359-b13a-0b3a489cafb3","butter-blue","Butter Blue",,"Specialty / Project",,,,,,,,,"True","False","660","2026-05-24T16:48:38.61579+00:00","2026-05-24T16:48:38.61579+00:00","0c1c7eda-e2a8-425e-a3e9-c659d9751eaa","","","","",""
"a3ca03c8-41e4-4ed0-ae54-13d708415cf6","california-gray","California Gray",,"Layers",,,,,,,,,"True","False","670","2026-05-24T16:48:38.61579+00:00","2026-05-24T16:48:38.61579+00:00","0c1c7eda-e2a8-425e-a3e9-c659d9751eaa","","","","",""
"78a22bc2-4e11-4264-b2e8-b622cc0e9fd8","california-white","California White",,"Layers",,,,,,,,,"True","False","680","2026-05-24T16:48:38.61579+00:00","2026-05-24T16:48:38.61579+00:00","0c1c7eda-e2a8-425e-a3e9-c659d9751eaa","","","","",""
"0235ea3f-5b55-4461-9128-c7adaab2fe2b","campine-golden","Campine - Golden",,"Layers",,,,,,,,,"True","False","690","2026-05-24T16:48:38.61579+00:00","2026-05-24T16:48:38.61579+00:00","0c1c7eda-e2a8-425e-a3e9-c659d9751eaa","","","","",""
"a074d23a-bc5c-4412-8681-e77b7e725ed2","campine-silver","Campine - Silver",,"Layers",,,,,,,,,"True","False","700","2026-05-24T16:48:38.61579+00:00","2026-05-24T16:48:38.61579+00:00","0c1c7eda-e2a8-425e-a3e9-c659d9751eaa","","","","",""
"94ffe97f-3f6a-4906-8d7b-fda697c1ad00","chantecler-partridge","Chantecler - Partridge",,"Dual Purpose",,,,,,,,,"True","False","710","2026-05-24T16:48:38.61579+00:00","2026-05-24T16:48:38.61579+00:00","0c1c7eda-e2a8-425e-a3e9-c659d9751eaa","","","","",""
"883c823b-6a0f-4500-a796-37bcd5534a81","chantecler-white","Chantecler - White",,"Dual Purpose",,,,,,,,,"True","False","720","2026-05-24T16:48:38.61579+00:00","2026-05-24T16:48:38.61579+00:00","0c1c7eda-e2a8-425e-a3e9-c659d9751eaa","","","","",""
"35da473c-d639-457c-979c-45f46397a019","cinnamon-queen","Cinnamon Queen",,"Layers",,,,,,,,,"True","False","730","2026-05-24T16:48:38.61579+00:00","2026-05-24T16:48:38.61579+00:00","0c1c7eda-e2a8-425e-a3e9-c659d9751eaa","","","","",""
"ccb6bdc7-dfb8-4938-b19f-7e9607028d99","cochin-black","Cochin - Black",,"Dual Purpose",,,,,,,,,"True","False","740","2026-05-24T16:48:38.61579+00:00","2026-05-24T16:48:38.61579+00:00","0c1c7eda-e2a8-425e-a3e9-c659d9751eaa","","","","",""
"45a87909-e5c8-4a80-a3c3-43c38b24800b","cochin-blue","Cochin - Blue",,"Dual Purpose",,,,,,,,,"True","False","750","2026-05-24T16:48:38.61579+00:00","2026-05-24T16:48:38.61579+00:00","0c1c7eda-e2a8-425e-a3e9-c659d9751eaa","","","","",""
"3d083dff-f6df-480d-86d7-57365cb2bcd3","cochin-buff","Cochin - Buff","dual_purpose","Dual Purpose","Buff Cochin are fluffy, calm chickens often chosen for friendly temperaments and ornamental flock appeal. They lay modest brown eggs.","brown","under_150",,,,,,"True","False","760","2026-05-24T16:48:38.61579+00:00","2026-06-10T19:33:45.616962+00:00","0c1c7eda-e2a8-425e-a3e9-c659d9751eaa","","","","",""
"a6575472-20b6-40b5-ba2a-ca671f7c6750","cochin-partridge","Cochin - Partridge",,"Dual Purpose",,,,,,,,,"True","False","770","2026-05-24T16:48:38.61579+00:00","2026-05-24T16:48:38.61579+00:00","0c1c7eda-e2a8-425e-a3e9-c659d9751eaa","","","","",""
"b23f3dad-5c2a-44f3-9e50-88271297224c","cochin-splash","Cochin - Splash",,"Dual Purpose",,,,,,,,,"True","False","780","2026-05-24T16:48:38.61579+00:00","2026-05-24T16:48:38.61579+00:00","0c1c7eda-e2a8-425e-a3e9-c659d9751eaa","","","","",""
"d54aa073-4581-4247-8e06-a87707b140d3","cornish-cross","Cornish Cross","meat","Meat Birds","Cornish Cross are fast-growing meat birds bred for efficient table production. They are best managed with careful feed and space planning.","brown","under_150",,,,,,"True","False","790","2026-05-24T16:48:38.61579+00:00","2026-06-10T19:33:45.616962+00:00","0c1c7eda-e2a8-425e-a3e9-c659d9751eaa","","","","",""
"e66c15fa-cb9b-43b0-aa98-fa64cd5d3b0e","cornish-cross-broiler","Cornish Cross Broiler",,"Meat Birds",,,,,,,,,"True","False","800","2026-05-24T16:48:38.61579+00:00","2026-05-24T16:48:38.61579+00:00","0c1c7eda-e2a8-425e-a3e9-c659d9751eaa","","","","",""
"5aeeed8f-59fe-47e1-b164-b9b4b055fa34","cream-legbar","Cream Legbar","layer","Dual Purpose","Cream Legbar are active, crested blue-egg layers with auto-sexing traits. They bring colorful eggs and a lighter, alert flock presence.","blue","150_200",,,,,,"True","False","810","2026-05-18T19:24:30.215217+00:00","2026-06-10T19:33:45.616962+00:00","0c1c7eda-e2a8-425e-a3e9-c659d9751eaa","","","","",""
"c0b035a8-1002-4959-b330-83232e657f8f","crevecoeur","Crevecoeur",,"Layers",,,,,,,,,"True","False","820","2026-05-24T16:48:38.61579+00:00","2026-05-24T16:48:38.61579+00:00","0c1c7eda-e2a8-425e-a3e9-c659d9751eaa","","","","",""
"31a64e23-da3e-42cc-a37b-7707724b4882","delaware","Delaware","dual_purpose","Dual Purpose","Delaware are sturdy dual-purpose chickens with good growth, calm handling, and dependable brown egg production.","brown","200_250",,,,,,"True","False","830","2026-05-24T16:48:38.61579+00:00","2026-06-10T19:33:45.616962+00:00","0c1c7eda-e2a8-425e-a3e9-c659d9751eaa","","","","",""
"24b39c93-1e1d-4d7c-a690-59a1100ae841","dominique","Dominique",,"Dual Purpose",,,,,,,,,"True","False","840","2026-05-24T16:48:38.61579+00:00","2026-05-24T16:48:38.61579+00:00","0c1c7eda-e2a8-425e-a3e9-c659d9751eaa","","","","",""
"9de4abcb-df85-40f9-bbf1-b8e40e5270ba","dorking-colored","Dorking - Colored",,"Dual Purpose",,,,,,,,,"True","False","850","2026-05-24T16:48:38.61579+00:00","2026-05-24T16:48:38.61579+00:00","0c1c7eda-e2a8-425e-a3e9-c659d9751eaa","","","","",""
"4b1b3cf9-ac7a-4dbc-ba88-7878c2e33aa3","dorking-silver-gray","Dorking - Silver Gray",,"Dual Purpose",,,,,,,,,"True","False","860","2026-05-24T16:48:38.61579+00:00","2026-05-24T16:48:38.61579+00:00","0c1c7eda-e2a8-425e-a3e9-c659d9751eaa","","","","",""
"e5e7051d-2b6a-4576-9372-a103eb8fb49a","dutch-bantam","Dutch Bantam",,"Bantams",,,,,,,,,"True","False","870","2026-05-24T16:48:38.61579+00:00","2026-05-24T16:48:38.61579+00:00","0c1c7eda-e2a8-425e-a3e9-c659d9751eaa","","","","",""
"f7effaa9-7c1d-4cd6-98dd-1f0cac5ab018","easter-egger","Easter Egger","layer","Layers","Easter Eggers are mixed-heritage layers popular for varied plumage and colorful eggs that may be blue, green, or tinted.","blue_green","200_250",,,,,,"True","False","880","2026-05-18T19:24:30.215217+00:00","2026-06-10T19:33:45.616962+00:00","0c1c7eda-e2a8-425e-a3e9-c659d9751eaa","","","","",""
"28423657-9684-45fa-89f9-60cd284dfebb","english-orpington-buff","English Orpington - Buff",,"Dual Purpose",,,,,,,,,"True","False","890","2026-05-24T16:48:38.61579+00:00","2026-05-24T16:48:38.61579+00:00","0c1c7eda-e2a8-425e-a3e9-c659d9751eaa","","","","",""
"3fdc46d7-e024-42e1-b3cc-e443ecd483fb","farmers-choice-all-available","Farmers Choice - All Available",,"Farmers Choice",,,,,,,,,"True","False","900","2026-05-24T16:48:38.61579+00:00","2026-05-24T16:48:38.61579+00:00","0c1c7eda-e2a8-425e-a3e9-c659d9751eaa","","","","",""
"f54daa28-4a53-410f-9515-d1b546b9cea8","farmers-choice-blue-egg-layers","Farmers Choice - Blue Egg Layers",,"Farmers Choice",,,,,,,,,"True","False","910","2026-05-24T16:48:38.61579+00:00","2026-05-24T16:48:38.61579+00:00","0c1c7eda-e2a8-425e-a3e9-c659d9751eaa","","","","",""
"dc50bccc-0d48-4e8b-be55-71d9f82c889c","farmers-choice-brown-egg-layers","Farmers Choice - Brown Egg Layers",,"Farmers Choice",,,,,,,,,"True","False","920","2026-05-24T16:48:38.61579+00:00","2026-05-24T16:48:38.61579+00:00","0c1c7eda-e2a8-425e-a3e9-c659d9751eaa","","","","",""
"2a7bb00c-b340-49f5-9274-dc752315cf1d","farmers-choice-cream-egg-layers","Farmers Choice - Cream Egg Layers",,"Farmers Choice",,,,,,,,,"True","False","930","2026-05-24T16:48:38.61579+00:00","2026-05-24T16:48:38.61579+00:00","0c1c7eda-e2a8-425e-a3e9-c659d9751eaa","","","","",""
"efcd4c63-b640-4496-8826-0c8ead37984c","farmers-choice-rare-breeds","Farmers Choice - Rare Breeds",,"Farmers Choice",,,,,,,,,"True","False","940","2026-05-24T16:48:38.61579+00:00","2026-05-24T16:48:38.61579+00:00","0c1c7eda-e2a8-425e-a3e9-c659d9751eaa","","","","",""
"17a47c92-8a32-492c-849d-7beccfede788","farmers-choice-white-egg-layers","Farmers Choice - White Egg Layers",,"Farmers Choice",,,,,,,,,"True","False","950","2026-05-24T16:48:38.61579+00:00","2026-05-24T16:48:38.61579+00:00","0c1c7eda-e2a8-425e-a3e9-c659d9751eaa","","","","",""
"385aa966-8493-462b-ad76-8a56dd878b5e","faverolles-salmon","Faverolles - Salmon",,"Dual Purpose",,,,,,,,,"True","False","960","2026-05-24T16:48:38.61579+00:00","2026-05-24T16:48:38.61579+00:00","0c1c7eda-e2a8-425e-a3e9-c659d9751eaa","","","","",""
"f0d922bf-7296-49cb-b61e-021ce80c8ebf","faverolles-white","Faverolles - White",,"Dual Purpose",,,,,,,,,"True","False","970","2026-05-24T16:48:38.61579+00:00","2026-05-24T16:48:38.61579+00:00","0c1c7eda-e2a8-425e-a3e9-c659d9751eaa","","","","",""
"712baee6-df9a-4f86-a0fd-70b8f1e6d0b5","freedom-ranger","Freedom Ranger","meat","Meat Birds","Freedom Ranger are slower-growing meat birds suited to pasture-style systems and flavorful table birds.","brown","under_150",,,,,,"True","False","980","2026-05-24T16:48:38.61579+00:00","2026-06-10T19:33:45.616962+00:00","0c1c7eda-e2a8-425e-a3e9-c659d9751eaa","","","","",""
"f9079755-d9de-441e-ad4d-8a3b01760c09","golden-comet","Golden Comet","layer","Layers","Golden Comet are productive hybrid layers known for friendly temperaments and strong brown egg output.","brown","250_300",,,,,,"True","False","990","2026-05-24T16:48:38.61579+00:00","2026-06-10T19:33:45.616962+00:00","0c1c7eda-e2a8-425e-a3e9-c659d9751eaa","","","","",""
"417be19e-c64d-407e-aa82-2728bffa8100","hamburg-golden-spangled","Hamburg - Golden Spangled",,"Layers",,,,,,,,,"True","False","1000","2026-05-24T16:48:38.61579+00:00","2026-05-24T16:48:38.61579+00:00","0c1c7eda-e2a8-425e-a3e9-c659d9751eaa","","","","",""
"a357e4cd-318f-44d0-92dd-79d0b5f865a3","hamburg-silver-spangled","Hamburg - Silver Spangled",,"Layers",,,,,,,,,"True","False","1010","2026-05-24T16:48:38.61579+00:00","2026-05-24T16:48:38.61579+00:00","0c1c7eda-e2a8-425e-a3e9-c659d9751eaa","","","","",""
"ae3da24b-35e6-41b4-80df-0355902f0442","houdan","Houdan",,"Layers",,,,,,,,,"True","False","1020","2026-05-24T16:48:38.61579+00:00","2026-05-24T16:48:38.61579+00:00","0c1c7eda-e2a8-425e-a3e9-c659d9751eaa","","","","",""
"97788a77-18cd-468e-ad62-4aad9f32b15d","houdan-mottled","Houdan - Mottled",,"Layers",,,,,,,,,"True","False","1030","2026-05-24T16:48:38.61579+00:00","2026-05-24T16:48:38.61579+00:00","0c1c7eda-e2a8-425e-a3e9-c659d9751eaa","","","","",""
"cb1d5bbe-cd9a-4e99-bae5-94c2549ad11a","hy-line-brown","Hy-Line Brown",,"Layers",,,,,,,,,"True","False","1040","2026-05-24T16:48:38.61579+00:00","2026-05-24T16:48:38.61579+00:00","0c1c7eda-e2a8-425e-a3e9-c659d9751eaa","","","","",""
"778ee6d2-19ba-4a2c-93b1-ea5bdf7d000f","icelandic","Icelandic",,"Layers",,,,,,,,,"True","False","1050","2026-05-24T16:48:38.61579+00:00","2026-05-24T16:48:38.61579+00:00","0c1c7eda-e2a8-425e-a3e9-c659d9751eaa","","","","",""
"9b9b6f00-dc97-4ba3-87d2-6b474fe5518e","isa-brown","ISA Brown","layer","Layers","ISA Brown are efficient brown-egg layers bred for high production and approachable backyard flock behavior.","brown","over_300",,,,,,"True","False","1060","2026-05-24T16:48:38.61579+00:00","2026-06-10T19:33:45.616962+00:00","0c1c7eda-e2a8-425e-a3e9-c659d9751eaa","","","","",""
"86f5ee41-2e21-44c0-86d6-f26a14bb29c4","java-black","Java - Black",,"Dual Purpose",,,,,,,,,"True","False","1070","2026-05-24T16:48:38.61579+00:00","2026-05-24T16:48:38.61579+00:00","0c1c7eda-e2a8-425e-a3e9-c659d9751eaa","","","","",""
"285272f5-5883-4bf7-aec9-27fddbb9ceae","java-mottled","Java - Mottled",,"Dual Purpose",,,,,,,,,"True","False","1080","2026-05-24T16:48:38.61579+00:00","2026-05-24T16:48:38.61579+00:00","0c1c7eda-e2a8-425e-a3e9-c659d9751eaa","","","","",""
"4678d8e4-358e-48cd-9a6c-ecb407bc9666","jersey-giant-black","Jersey Giant - Black","dual_purpose","Dual Purpose","Black Jersey Giant are very large dual-purpose chickens with calm temperaments and steady brown egg production.","brown","150_200",,,,,,"True","False","1090","2026-05-24T16:48:38.61579+00:00","2026-06-10T19:33:45.616962+00:00","0c1c7eda-e2a8-425e-a3e9-c659d9751eaa","","","","",""
"9ac6aa31-042e-4f26-81c4-6e15f1db177d","jersey-giant-blue","Jersey Giant - Blue",,"Dual Purpose",,,,,,,,,"True","False","1100","2026-05-24T16:48:38.61579+00:00","2026-05-24T16:48:38.61579+00:00","0c1c7eda-e2a8-425e-a3e9-c659d9751eaa","","","","",""
"0d74584b-fe52-49d3-bdd9-c29062d74231","jersey-giant-white","Jersey Giant - White",,"Dual Purpose",,,,,,,,,"True","False","1110","2026-05-24T16:48:38.61579+00:00","2026-05-24T16:48:38.61579+00:00","0c1c7eda-e2a8-425e-a3e9-c659d9751eaa","","","","",""
"9d2fb2cd-9d5c-4ef0-b54d-17c525ba112f","kosher-king","Kosher King",,"Meat Birds",,,,,,,,,"True","False","1120","2026-05-24T16:48:38.61579+00:00","2026-05-24T16:48:38.61579+00:00","0c1c7eda-e2a8-425e-a3e9-c659d9751eaa","","","","",""
"3df1647b-ae02-4bd7-9973-2e29d4e3fbc3","la-fleche","La Fleche",,"Layers",,,,,,,,,"True","False","1130","2026-05-24T16:48:38.61579+00:00","2026-05-24T16:48:38.61579+00:00","0c1c7eda-e2a8-425e-a3e9-c659d9751eaa","","","","",""
"382dcfca-6d27-4087-afa4-3dfe70c91e51","lakenvelder","Lakenvelder",,"Layers",,,,,,,,,"True","False","1140","2026-05-24T16:48:38.61579+00:00","2026-05-24T16:48:38.61579+00:00","0c1c7eda-e2a8-425e-a3e9-c659d9751eaa","","","","",""
"1a2bfeb7-efbd-42cd-9202-069be2e78add","langshan-black","Langshan - Black",,"Dual Purpose",,,,,,,,,"True","False","1150","2026-05-24T16:48:38.61579+00:00","2026-05-24T16:48:38.61579+00:00","0c1c7eda-e2a8-425e-a3e9-c659d9751eaa","","","","",""
"b1d76110-54a1-4b55-b341-7cefbfadc838","langshan-blue","Langshan - Blue",,"Dual Purpose",,,,,,,,,"True","False","1160","2026-05-24T16:48:38.61579+00:00","2026-05-24T16:48:38.61579+00:00","0c1c7eda-e2a8-425e-a3e9-c659d9751eaa","","","","",""
"a579557c-a072-4e2b-9789-45bb8fa3d7da","langshan-white","Langshan - White",,"Dual Purpose",,,,,,,,,"True","False","1170","2026-05-24T16:48:38.61579+00:00","2026-05-24T16:48:38.61579+00:00","0c1c7eda-e2a8-425e-a3e9-c659d9751eaa","","","","",""
"79743511-9fe0-4b78-921f-25098ea8c6ad","leghorn-black","Leghorn - Black",,"Layers",,,,,,,,,"True","False","1180","2026-05-24T16:48:38.61579+00:00","2026-05-24T16:48:38.61579+00:00","0c1c7eda-e2a8-425e-a3e9-c659d9751eaa","","","","",""
"e7041c66-ff60-414c-9d6a-5a9a2d21dcfe","leghorn-blue-breasted-brown","Leghorn - Blue Breasted Brown",,"Layers",,,,,,,,,"True","False","1190","2026-05-24T16:48:38.61579+00:00","2026-05-24T16:48:38.61579+00:00","0c1c7eda-e2a8-425e-a3e9-c659d9751eaa","","","","",""
"513ca087-0431-4048-bc68-6c79840e911c","leghorn-blue-partridge","Leghorn - Blue Partridge",,"Layers",,,,,,,,,"True","False","1200","2026-05-24T16:48:38.61579+00:00","2026-05-24T16:48:38.61579+00:00","0c1c7eda-e2a8-425e-a3e9-c659d9751eaa","","","","",""
"adb9cbd0-dd81-46e6-986b-2c98267a9eb3","leghorn-brown","Leghorn - Brown",,"Layers",,,,,,,,,"True","False","1210","2026-05-24T16:48:38.61579+00:00","2026-05-24T16:48:38.61579+00:00","0c1c7eda-e2a8-425e-a3e9-c659d9751eaa","","","","",""
"d3777ae2-4b58-42f8-ba97-46529eda54fa","leghorn-buff","Leghorn - Buff",,"Layers",,,,,,,,,"True","False","1220","2026-05-24T16:48:38.61579+00:00","2026-05-24T16:48:38.61579+00:00","0c1c7eda-e2a8-425e-a3e9-c659d9751eaa","","","","",""
"95e7b7a1-f52c-4e2d-ba46-c9d7aa0def52","leghorn-combless","Leghorn - Combless",,"Layers",,,,,,,,,"True","False","1230","2026-05-24T16:48:38.61579+00:00","2026-05-24T16:48:38.61579+00:00","0c1c7eda-e2a8-425e-a3e9-c659d9751eaa","","","","",""
"696dae4f-5d92-4541-aa10-6169da60aaaf","leghorn-silver","Leghorn - Silver",,"Layers",,,,,,,,,"True","False","1240","2026-05-24T16:48:38.61579+00:00","2026-05-24T16:48:38.61579+00:00","0c1c7eda-e2a8-425e-a3e9-c659d9751eaa","","","","",""
"17851878-3fd2-4682-90c4-5911be504f9e","leghorn-v-comb","Leghorn - V-Comb",,"Layers",,,,,,,,,"True","False","1250","2026-05-24T16:48:38.61579+00:00","2026-05-24T16:48:38.61579+00:00","0c1c7eda-e2a8-425e-a3e9-c659d9751eaa","","","","",""
"1faa4aea-e18c-44e6-9020-176e5525b829","leghorn-white","Leghorn - White","layer","Layers","White Leghorn are active, feed-efficient layers known for prolific white egg production and a lighter Mediterranean build.","white","over_300",,,,,,"True","False","1260","2026-05-24T16:48:38.61579+00:00","2026-06-10T19:33:45.616962+00:00","0c1c7eda-e2a8-425e-a3e9-c659d9751eaa","","","","",""
"89d58ada-8f16-44b3-a86f-475666cdd976","marans-black-copper","Marans - Black Copper","layer","Layers","Black Copper Marans are sought after for rich dark brown eggs and striking black-and-copper plumage.","dark_brown","150_200",,,,,"catalog-images/catalog/breeds/chicken/marans-black-copper/20260720T165152Z-3f828adc87bb.png","True","False","1270","2026-05-24T16:48:38.61579+00:00","2026-07-20T16:51:53.01806+00:00","0c1c7eda-e2a8-425e-a3e9-c659d9751eaa","","","","",""
"c54aba04-9784-4323-b834-6c30dbe7bf36","marans-blue","Marans - Blue",,"Layers",,,,,,,,,"True","False","1280","2026-05-24T16:48:38.61579+00:00","2026-05-24T16:48:38.61579+00:00","0c1c7eda-e2a8-425e-a3e9-c659d9751eaa","","","","",""
"6992869f-50e4-49a1-a237-d431d123b1e4","marans-blue-copper","Marans - Blue Copper",,"Layers",,,,,,,,,"True","False","1290","2026-05-24T16:48:38.61579+00:00","2026-05-24T16:48:38.61579+00:00","0c1c7eda-e2a8-425e-a3e9-c659d9751eaa","","","","",""
"3d4cf1b4-dc74-41cd-abcd-58453886a82e","marans-cuckoo","Marans - Cuckoo",,"Layers",,,,,,,,,"True","False","1300","2026-05-24T16:48:38.61579+00:00","2026-05-24T16:48:38.61579+00:00","0c1c7eda-e2a8-425e-a3e9-c659d9751eaa","","","","",""
"1df4da8f-4120-4f6b-8029-4812a4643d2e","marans-golden","Marans - Golden",,"Layers",,,,,,,,,"True","False","1310","2026-05-24T16:48:38.61579+00:00","2026-05-24T16:48:38.61579+00:00","0c1c7eda-e2a8-425e-a3e9-c659d9751eaa","","","","",""
"abe595e2-4984-49ac-bffe-449a47850aa1","marans-splash","Marans - Splash",,"Layers",,,,,,,,,"True","False","1320","2026-05-24T16:48:38.61579+00:00","2026-05-24T16:48:38.61579+00:00","0c1c7eda-e2a8-425e-a3e9-c659d9751eaa","","","","",""
"d1c8c3a8-a565-4c5b-95f9-c845bd7c40d3","marans-splash-copper","Marans - Splash Copper",,"Layers",,,,,,,,,"True","False","1330","2026-05-24T16:48:38.61579+00:00","2026-05-24T16:48:38.61579+00:00","0c1c7eda-e2a8-425e-a3e9-c659d9751eaa","","","","",""
"a3ed9084-d762-482c-8983-f1c76d42ee11","marans-wheaten","Marans - Wheaten",,"Layers",,,,,,,,,"True","False","1340","2026-05-24T16:48:38.61579+00:00","2026-05-24T16:48:38.61579+00:00","0c1c7eda-e2a8-425e-a3e9-c659d9751eaa","","","","",""
"350d71d8-3cee-49c3-a7c1-f6602e6c5c4c","marans-white","Marans - White",,"Layers",,,,,,,,,"True","False","1350","2026-05-24T16:48:38.61579+00:00","2026-05-24T16:48:38.61579+00:00","0c1c7eda-e2a8-425e-a3e9-c659d9751eaa","","","","",""
"d98389b7-da90-447e-ac2c-a7a0ff7218f0","mesa-blue","Mesa Blue",,"Specialty / Project",,,,,,,,,"True","False","1360","2026-05-24T16:48:38.61579+00:00","2026-05-24T16:48:38.61579+00:00","0c1c7eda-e2a8-425e-a3e9-c659d9751eaa","","","","",""
"4165c2b7-3e1e-43dd-8956-857642685f4f","minorca-black","Minorca - Black",,"Layers",,,,,,,,,"True","False","1370","2026-05-24T16:48:38.61579+00:00","2026-05-24T16:48:38.61579+00:00","0c1c7eda-e2a8-425e-a3e9-c659d9751eaa","","","","",""
"7f69acec-b94f-4d66-912e-7a0e3a43a1e6","minorca-buff","Minorca - Buff",,"Layers",,,,,,,,,"True","False","1380","2026-05-24T16:48:38.61579+00:00","2026-05-24T16:48:38.61579+00:00","0c1c7eda-e2a8-425e-a3e9-c659d9751eaa","","","","",""
"5abbbeed-9a06-481e-a8f5-bb9c7b842f85","minorca-white","Minorca - White",,"Layers",,,,,,,,,"True","False","1390","2026-05-24T16:48:38.61579+00:00","2026-05-24T16:48:38.61579+00:00","0c1c7eda-e2a8-425e-a3e9-c659d9751eaa","","","","",""
"98b3f16a-c513-4934-9620-9de13992d6b3","modern-game-bantam","Modern Game Bantam",,"Bantams",,,,,,,,,"True","False","1400","2026-05-24T16:48:38.61579+00:00","2026-05-24T16:48:38.61579+00:00","0c1c7eda-e2a8-425e-a3e9-c659d9751eaa","","","","",""
"c0bdbafe-40e7-452b-956b-a5692c57c547","moon-dust-blue","Moon Dust Blue",,"Specialty / Project",,,,,,,,,"True","False","1410","2026-05-24T16:48:38.61579+00:00","2026-05-24T16:48:38.61579+00:00","0c1c7eda-e2a8-425e-a3e9-c659d9751eaa","","","","",""
"c19fc197-7592-4fec-a830-3cdbd851fa16","moon-dust-brown","Moon Dust Brown",,"Specialty / Project",,,,,,,,,"True","False","1420","2026-05-24T16:48:38.61579+00:00","2026-05-24T16:48:38.61579+00:00","0c1c7eda-e2a8-425e-a3e9-c659d9751eaa","","","","",""
"0eff76e3-9cc8-4982-aef7-c514d750c96b","naked-neck-black","Naked Neck - Black",,"Dual Purpose",,,,,,,,,"True","False","1430","2026-05-24T16:48:38.61579+00:00","2026-05-24T16:48:38.61579+00:00","0c1c7eda-e2a8-425e-a3e9-c659d9751eaa","","","","",""
"0189f71b-7840-4b34-9aa8-413bc3d060af","naked-neck-buff","Naked Neck - Buff",,"Dual Purpose",,,,,,,,,"True","False","1440","2026-05-24T16:48:38.61579+00:00","2026-05-24T16:48:38.61579+00:00","0c1c7eda-e2a8-425e-a3e9-c659d9751eaa","","","","",""
"d579d8c8-a4c3-4c7a-89c0-2c8369de0567","naked-neck-mixed","Naked Neck - Mixed",,"Dual Purpose",,,,,,,,,"True","False","1450","2026-05-24T16:48:38.61579+00:00","2026-05-24T16:48:38.61579+00:00","0c1c7eda-e2a8-425e-a3e9-c659d9751eaa","","","","",""
"87b08b50-6ed5-4526-9ac5-03f02889fea2","nankin","Nankin",,"Bantams",,,,,,,,,"True","False","1460","2026-05-24T16:48:38.61579+00:00","2026-05-24T16:48:38.61579+00:00","0c1c7eda-e2a8-425e-a3e9-c659d9751eaa","","","","",""
"857de918-f979-450d-88be-b763b41da949","new-hampshire","New Hampshire","dual_purpose","Dual Purpose","New Hampshire are practical dual-purpose birds with good growth, steady brown eggs, and a generally calm flock presence.","brown","200_250",,,,,,"True","False","1470","2026-05-24T16:48:38.61579+00:00","2026-06-10T19:33:45.616962+00:00","0c1c7eda-e2a8-425e-a3e9-c659d9751eaa","","","","",""
"e5ac86cf-89e0-4554-9b6d-59cf261dcdc5","old-english-game-bantam-birchen","Old English Game Bantam - Birchen",,"Bantams",,,,,,,,,"True","False","1480","2026-05-24T16:48:38.61579+00:00","2026-05-24T16:48:38.61579+00:00","0c1c7eda-e2a8-425e-a3e9-c659d9751eaa","","","","",""
"ceaa0096-70df-4056-94c6-fb63a15b61ba","old-english-game-bantam-black","Old English Game Bantam - Black",,"Bantams",,,,,,,,,"True","False","1490","2026-05-24T16:48:38.61579+00:00","2026-05-24T16:48:38.61579+00:00","0c1c7eda-e2a8-425e-a3e9-c659d9751eaa","","","","",""
"737b5f8d-f208-463a-94c7-62ef16f521a2","old-english-game-bantam-black-breasted-red","Old English Game Bantam - Black Breasted Red",,"Bantams",,,,,,,,,"True","False","1500","2026-05-24T16:48:38.61579+00:00","2026-05-24T16:48:38.61579+00:00","0c1c7eda-e2a8-425e-a3e9-c659d9751eaa","","","","",""
"e762189e-ab28-4df3-a904-db6950530767","old-english-game-bantam-crele","Old English Game Bantam - Crele",,"Bantams",,,,,,,,,"True","False","1510","2026-05-24T16:48:38.61579+00:00","2026-05-24T16:48:38.61579+00:00","0c1c7eda-e2a8-425e-a3e9-c659d9751eaa","","","","",""
"00f1e1e9-b2e0-4fd8-a8ef-80d7fe049c23","old-english-game-bantam-silver","Old English Game Bantam - Silver",,"Bantams",,,,,,,,,"True","False","1520","2026-05-24T16:48:38.61579+00:00","2026-05-24T16:48:38.61579+00:00","0c1c7eda-e2a8-425e-a3e9-c659d9751eaa","","","","",""
"68d39ce5-b053-4e30-9ccd-48b84bb9357b","old-english-game-bantam-white","Old English Game Bantam - White",,"Bantams",,,,,,,,,"True","False","1530","2026-05-24T16:48:38.61579+00:00","2026-05-24T16:48:38.61579+00:00","0c1c7eda-e2a8-425e-a3e9-c659d9751eaa","","","","",""
"235e3367-c060-4370-9b36-cb2d2fdadafa","olive-egger","Olive Egger","layer","Layers","Olive Eggers are mixed-heritage layers bred for olive-toned eggs and varied, colorful flock appearances.","olive","150_200",,,,,,"True","False","1540","2026-05-18T19:24:30.215217+00:00","2026-06-10T19:33:45.616962+00:00","0c1c7eda-e2a8-425e-a3e9-c659d9751eaa","","","","",""
"d655b33a-cfd1-4723-80af-8d9c3e35ae52","orloff-spangled","Orloff - Spangled",,"Dual Purpose",,,,,,,,,"True","False","1550","2026-05-24T16:48:38.61579+00:00","2026-05-24T16:48:38.61579+00:00","0c1c7eda-e2a8-425e-a3e9-c659d9751eaa","","","","",""
"882e4dd1-89fb-4182-ba99-7a3c5dc8a6db","orpington-black","Orpington - Black",,"Dual Purpose",,,,,,,,,"True","False","1560","2026-05-24T16:48:38.61579+00:00","2026-05-24T16:48:38.61579+00:00","0c1c7eda-e2a8-425e-a3e9-c659d9751eaa","","","","",""
"89ceade4-e999-49db-a988-e41b3e336ff7","orpington-blue","Orpington - Blue",,"Dual Purpose",,,,,,,,,"True","False","1570","2026-05-24T16:48:38.61579+00:00","2026-05-24T16:48:38.61579+00:00","0c1c7eda-e2a8-425e-a3e9-c659d9751eaa","","","","",""
"fefd813f-1266-4666-9f06-9508a1724b2b","orpington-buff","Orpington - Buff","dual_purpose","Dual Purpose","Buff Orpington are gentle, fluffy dual-purpose chickens valued for family-friendly temperaments and steady brown eggs.","brown","150_200",,,,,"/catalog/breeds/chickens/orpington-buff.png","True","False","1580","2026-05-24T16:48:38.61579+00:00","2026-06-10T20:52:45.562397+00:00","0c1c7eda-e2a8-425e-a3e9-c659d9751eaa","","","","",""
"7ece57fd-2b9d-45f6-932c-467af37e6ccf","orpington-chocolate","Orpington - Chocolate",,"Dual Purpose",,,,,,,,,"True","False","1590","2026-05-24T16:48:38.61579+00:00","2026-05-24T16:48:38.61579+00:00","0c1c7eda-e2a8-425e-a3e9-c659d9751eaa","","","","",""
"951f1e9a-3186-4cab-ae87-c529c74bd1ab","orpington-jubilee","Orpington - Jubilee",,"Dual Purpose",,,,,,,,,"True","False","1600","2026-05-24T16:48:38.61579+00:00","2026-05-24T16:48:38.61579+00:00","0c1c7eda-e2a8-425e-a3e9-c659d9751eaa","","","","",""
"70712bab-39bd-458c-bbdd-a6af598af312","orpington-lavender","Orpington - Lavender",,"Dual Purpose",,,,,,,,,"True","False","1610","2026-05-24T16:48:38.61579+00:00","2026-05-24T16:48:38.61579+00:00","0c1c7eda-e2a8-425e-a3e9-c659d9751eaa","","","","",""
"94b3237e-cfb0-44eb-8b7c-c8161a449c04","orpington-silver-laced","Orpington - Silver Laced",,"Dual Purpose",,,,,,,,,"True","False","1620","2026-05-24T16:48:38.61579+00:00","2026-05-24T16:48:38.61579+00:00","0c1c7eda-e2a8-425e-a3e9-c659d9751eaa","","","","",""
"88efe6e8-f398-4d11-a603-f37c0a75863c","orpington-splash","Orpington - Splash",,"Dual Purpose",,,,,,,,,"True","False","1630","2026-05-24T16:48:38.61579+00:00","2026-05-24T16:48:38.61579+00:00","0c1c7eda-e2a8-425e-a3e9-c659d9751eaa","","","","",""
"fdf522fa-ee49-417a-a9d3-5d91a5f9ae64","pekin-chicken","Pekin",,"Bantams",,,,,,,,,"True","False","1640","2026-05-24T16:48:38.61579+00:00","2026-05-24T16:48:38.61579+00:00","0c1c7eda-e2a8-425e-a3e9-c659d9751eaa","","","","",""
"7563455e-77b7-4621-a0cb-bf18ea0de1f4","penedesenca-black","Penedesenca - Black",,"Layers",,,,,,,,,"True","False","1650","2026-05-24T16:48:38.61579+00:00","2026-05-24T16:48:38.61579+00:00","0c1c7eda-e2a8-425e-a3e9-c659d9751eaa","","","","",""
"8d15ecdd-af40-48ab-9ec9-f2cd445e43ed","penedesenca-crele","Penedesenca - Crele",,"Layers",,,,,,,,,"True","False","1660","2026-05-24T16:48:38.61579+00:00","2026-05-24T16:48:38.61579+00:00","0c1c7eda-e2a8-425e-a3e9-c659d9751eaa","","","","",""
"2a459226-594e-4c84-abb5-43583358ca0d","phoenix-golden","Phoenix - Golden",,"Layers",,,,,,,,,"True","False","1670","2026-05-24T16:48:38.61579+00:00","2026-05-24T16:48:38.61579+00:00","0c1c7eda-e2a8-425e-a3e9-c659d9751eaa","","","","",""
"b52f1be2-158a-4d12-b27c-52f7475b0807","phoenix-silver","Phoenix - Silver",,"Layers",,,,,,,,,"True","False","1680","2026-05-24T16:48:38.61579+00:00","2026-05-24T16:48:38.61579+00:00","0c1c7eda-e2a8-425e-a3e9-c659d9751eaa","","","","",""
"019b58d6-4559-4e23-a7db-ff119281c248","plymouth-rock-barred","Plymouth Rock - Barred","dual_purpose","Dual Purpose","Barred Plymouth Rock are classic dual-purpose chickens with calm temperaments, good foraging ability, and reliable brown eggs.","brown","200_250",,,,,,"True","False","1690","2026-05-24T16:48:38.61579+00:00","2026-06-10T19:33:45.616962+00:00","0c1c7eda-e2a8-425e-a3e9-c659d9751eaa","","","","",""
"8cdc8af1-ae63-42ee-a3be-6cdc3c5c1243","plymouth-rock-buff","Plymouth Rock - Buff",,"Dual Purpose",,,,,,,,,"True","False","1700","2026-05-24T16:48:38.61579+00:00","2026-05-24T16:48:38.61579+00:00","0c1c7eda-e2a8-425e-a3e9-c659d9751eaa","","","","",""
"d6610ac9-dded-4760-9913-041412849ac1","plymouth-rock-partridge","Plymouth Rock - Partridge",,"Dual Purpose",,,,,,,,,"True","False","1710","2026-05-24T16:48:38.61579+00:00","2026-05-24T16:48:38.61579+00:00","0c1c7eda-e2a8-425e-a3e9-c659d9751eaa","","","","",""
"e30e1399-9ac0-42e2-be5f-1825d13fb5d4","plymouth-rock-silver-penciled","Plymouth Rock - Silver Penciled",,"Dual Purpose",,,,,,,,,"True","False","1720","2026-05-24T16:48:38.61579+00:00","2026-05-24T16:48:38.61579+00:00","0c1c7eda-e2a8-425e-a3e9-c659d9751eaa","","","","",""
"33389748-136b-4b77-b733-e1c14e9c3146","plymouth-rock-white","Plymouth Rock - White",,"Dual Purpose",,,,,,,,,"True","False","1730","2026-05-24T16:48:38.61579+00:00","2026-05-24T16:48:38.61579+00:00","0c1c7eda-e2a8-425e-a3e9-c659d9751eaa","","","","",""
"a895ba41-a626-409a-b324-369982928e30","polish-buff-laced","Polish - Buff Laced",,"Layers",,,,,,,,,"True","False","1740","2026-05-24T16:48:38.61579+00:00","2026-05-24T16:48:38.61579+00:00","0c1c7eda-e2a8-425e-a3e9-c659d9751eaa","","","","",""
"6f2487bb-02a9-4d1b-9e03-5582a994a8c0","polish-candy-corn-crele","Polish - Candy Corn Crele",,"Layers",,,,,,,,,"True","False","1750","2026-05-24T16:48:38.61579+00:00","2026-05-24T16:48:38.61579+00:00","0c1c7eda-e2a8-425e-a3e9-c659d9751eaa","","","","",""
"cf87f943-2b07-42e4-9eb4-558e7f9df44c","polish-golden-laced","Polish - Golden Laced",,"Layers",,,,,,,,,"True","False","1760","2026-05-24T16:48:38.61579+00:00","2026-05-24T16:48:38.61579+00:00","0c1c7eda-e2a8-425e-a3e9-c659d9751eaa","","","","",""
"f03be882-3c05-43e8-a1ee-d14a03812d8e","polish-tolbunt","Polish - Tolbunt",,"Layers",,,,,,,,,"True","False","1770","2026-05-24T16:48:38.61579+00:00","2026-05-24T16:48:38.61579+00:00","0c1c7eda-e2a8-425e-a3e9-c659d9751eaa","","","","",""
"338e6638-1d0d-41d1-9d8a-f1b2a24799bc","polish-white","Polish - White",,"Layers",,,,,,,,,"True","False","1780","2026-05-24T16:48:38.61579+00:00","2026-05-24T16:48:38.61579+00:00","0c1c7eda-e2a8-425e-a3e9-c659d9751eaa","","","","",""
"59b11542-5f21-4970-be59-5633b608075c","polish-white-crested-black","Polish - White Crested Black",,"Layers",,,,,,,,,"True","False","1790","2026-05-24T16:48:38.61579+00:00","2026-05-24T16:48:38.61579+00:00","0c1c7eda-e2a8-425e-a3e9-c659d9751eaa","","","","",""
"8d53ff4b-6467-4941-a129-81b4a8f4b624","polish-white-crested-blue","Polish - White Crested Blue",,"Layers",,,,,,,,,"True","False","1800","2026-05-24T16:48:38.61579+00:00","2026-05-24T16:48:38.61579+00:00","0c1c7eda-e2a8-425e-a3e9-c659d9751eaa","","","","",""
"767137f4-561f-42f8-b597-386c65688de6","prairie-bluebell","Prairie Bluebell",,"Layers",,,,,,,,,"True","False","1810","2026-05-24T16:48:38.61579+00:00","2026-05-24T16:48:38.61579+00:00","0c1c7eda-e2a8-425e-a3e9-c659d9751eaa","","","","",""
"e226e6a2-74a0-40f4-a5c6-92ed4755b2e2","prairie-bluebell-egger","Prairie Bluebell Egger",,"Layers",,,,,,,,,"True","False","1820","2026-05-24T16:48:38.61579+00:00","2026-05-24T16:48:38.61579+00:00","0c1c7eda-e2a8-425e-a3e9-c659d9751eaa","","","","",""
"e3cb530b-4db2-4718-af44-9f4ea7ef2d25","production-red","Production Red",,"Layers",,,,,,,,,"True","False","1830","2026-05-24T16:48:38.61579+00:00","2026-05-24T16:48:38.61579+00:00","0c1c7eda-e2a8-425e-a3e9-c659d9751eaa","","","","",""
"18fcdb02-4393-4d84-9dd5-9245061b2f5b","red-comet","Red Comet",,"Layers",,,,,,,,,"True","False","1840","2026-05-24T16:48:38.61579+00:00","2026-05-24T16:48:38.61579+00:00","0c1c7eda-e2a8-425e-a3e9-c659d9751eaa","","","","",""
"f3af369c-9efa-4f4d-b774-e77b36a54347","red-ranger","Red Ranger",,"Meat Birds",,,,,,,,,"True","False","1850","2026-05-24T16:48:38.61579+00:00","2026-05-24T16:48:38.61579+00:00","0c1c7eda-e2a8-425e-a3e9-c659d9751eaa","","","","",""
"cf09a2ea-aca0-42e5-b43b-5c0a19462677","red-sex-link","Red Sex Link",,"Layers",,,,,,,,,"True","False","1860","2026-05-24T16:48:38.61579+00:00","2026-05-24T16:48:38.61579+00:00","0c1c7eda-e2a8-425e-a3e9-c659d9751eaa","","","","",""
"0779c806-8db2-4069-902a-1e7ad4e922d1","rhode-island-red","Rhode Island Red","dual_purpose","Dual Purpose","Rhode Island Red are hardy dual-purpose chickens known for strong brown egg production and practical homestead performance.","brown","250_300",,,,,"catalog-images/catalog/breeds/chicken/rhode-island-red/20260720T165241Z-f0ac1a0a747b.png","True","False","1870","2026-05-18T19:24:30.215217+00:00","2026-07-20T16:52:41.553164+00:00","0c1c7eda-e2a8-425e-a3e9-c659d9751eaa","","","","",""
"9141c09c-f86f-4f00-bf61-f7f6136270cc","rhode-island-white","Rhode Island White",,"Dual Purpose",,,,,,,,,"True","False","1880","2026-05-24T16:48:38.61579+00:00","2026-05-24T16:48:38.61579+00:00","0c1c7eda-e2a8-425e-a3e9-c659d9751eaa","","","","",""
"18f67b7c-b751-4040-ac63-5948f3b1bcb8","rosecomb-black","Rosecomb - Black",,"Bantams",,,,,,,,,"True","False","1890","2026-05-24T16:48:38.61579+00:00","2026-05-24T16:48:38.61579+00:00","0c1c7eda-e2a8-425e-a3e9-c659d9751eaa","","","","",""
"9cb320bc-af5b-4df2-8fc0-fd33c48cd031","rosecomb-blue","Rosecomb - Blue",,"Bantams",,,,,,,,,"True","False","1900","2026-05-24T16:48:38.61579+00:00","2026-05-24T16:48:38.61579+00:00","0c1c7eda-e2a8-425e-a3e9-c659d9751eaa","","","","",""
"caccbfbe-ea12-47b8-9a49-b4837442ef91","rosecomb-white","Rosecomb - White",,"Bantams",,,,,,,,,"True","False","1910","2026-05-24T16:48:38.61579+00:00","2026-05-24T16:48:38.61579+00:00","0c1c7eda-e2a8-425e-a3e9-c659d9751eaa","","","","",""
"e7f5bdc9-6adb-4b4d-8c6c-b8cf3d9a56b2","russian-orloff-white","Russian Orloff - White",,"Dual Purpose",,,,,,,,,"True","False","1920","2026-05-24T16:48:38.61579+00:00","2026-05-24T16:48:38.61579+00:00","0c1c7eda-e2a8-425e-a3e9-c659d9751eaa","","","","",""
"bd9dd315-a1b2-4e32-b332-42f23575c58e","sapphire-gem","Sapphire Gem",,"Layers",,,,,,,,,"True","False","1930","2026-05-24T16:48:38.61579+00:00","2026-05-24T16:48:38.61579+00:00","0c1c7eda-e2a8-425e-a3e9-c659d9751eaa","","","","",""
"0a334712-659b-4c48-9d76-9c0d690925f7","sebright-golden","Sebright - Golden",,"Bantams",,,,,,,,,"True","False","1940","2026-05-24T16:48:38.61579+00:00","2026-05-24T16:48:38.61579+00:00","0c1c7eda-e2a8-425e-a3e9-c659d9751eaa","","","","",""
"d649effd-8bf2-4b10-8450-b5fdb2bb4953","sebright-silver","Sebright - Silver",,"Bantams",,,,,,,,,"True","False","1950","2026-05-24T16:48:38.61579+00:00","2026-05-24T16:48:38.61579+00:00","0c1c7eda-e2a8-425e-a3e9-c659d9751eaa","","","","",""
"49c04d81-4cb5-450a-8e68-bbac85311649","serama","Serama",,"Bantams",,,,,,,,,"True","False","1960","2026-05-24T16:48:38.61579+00:00","2026-05-24T16:48:38.61579+00:00","0c1c7eda-e2a8-425e-a3e9-c659d9751eaa","","","","",""
"bd57c6e5-5c56-4fc1-98b7-c52fe6979efb","sicilian-buttercup","Sicilian Buttercup",,"Layers",,,,,,,,,"True","False","1970","2026-05-24T16:48:38.61579+00:00","2026-05-24T16:48:38.61579+00:00","0c1c7eda-e2a8-425e-a3e9-c659d9751eaa","","","","",""
"48785af3-9c25-41ce-86fe-050de7a8aa34","silkie-black","Silkie - Black",,"Layers",,,,,,,,,"True","False","1980","2026-05-24T16:48:38.61579+00:00","2026-05-24T16:48:38.61579+00:00","0c1c7eda-e2a8-425e-a3e9-c659d9751eaa","","","","",""
"395c84c6-4113-4e29-bee8-eb48aac662e3","silkie-blue","Silkie - Blue",,"Layers",,,,,,,,,"True","False","1990","2026-05-24T16:48:38.61579+00:00","2026-05-24T16:48:38.61579+00:00","0c1c7eda-e2a8-425e-a3e9-c659d9751eaa","","","","",""
"15892047-7a86-45c3-ba8f-3d61fb2e0314","silkie-buff","Silkie - Buff",,"Layers",,,,,,,,,"True","False","2000","2026-05-24T16:48:38.61579+00:00","2026-05-24T16:48:38.61579+00:00","0c1c7eda-e2a8-425e-a3e9-c659d9751eaa","","","","",""
"fc3dce5b-2f2c-4371-8bd0-82fba4960957","silkie-cuckoo","Silkie - Cuckoo",,"Layers",,,,,,,,,"True","False","2010","2026-05-24T16:48:38.61579+00:00","2026-05-24T16:48:38.61579+00:00","0c1c7eda-e2a8-425e-a3e9-c659d9751eaa","","","","",""
"bbee2a55-b86d-4553-bf7f-2fdfd67b8002","silkie-gray","Silkie - Gray",,"Layers",,,,,,,,,"True","False","2020","2026-05-24T16:48:38.61579+00:00","2026-05-24T16:48:38.61579+00:00","0c1c7eda-e2a8-425e-a3e9-c659d9751eaa","","","","",""
"812e6d0f-2b42-4507-9019-4c339e492675","silkie-lavender","Silkie - Lavender",,"Layers",,,,,,,,,"True","False","2030","2026-05-24T16:48:38.61579+00:00","2026-05-24T16:48:38.61579+00:00","0c1c7eda-e2a8-425e-a3e9-c659d9751eaa","","","","",""
"9e34d7e0-12d6-40b0-838f-329e08a3e498","silkie-paint","Silkie - Paint",,"Layers",,,,,,,,,"True","False","2040","2026-05-24T16:48:38.61579+00:00","2026-05-24T16:48:38.61579+00:00","0c1c7eda-e2a8-425e-a3e9-c659d9751eaa","","","","",""
"46f9d204-7161-4044-b2ae-0dc920121632","silkie-partridge","Silkie - Partridge",,"Layers",,,,,,,,,"True","False","2050","2026-05-24T16:48:38.61579+00:00","2026-05-24T16:48:38.61579+00:00","0c1c7eda-e2a8-425e-a3e9-c659d9751eaa","","","","",""
"3ecd01b4-39e1-462b-9817-820b9a1c99ea","silkie-splash","Silkie - Splash",,"Layers",,,,,,,,,"True","False","2060","2026-05-24T16:48:38.61579+00:00","2026-05-24T16:48:38.61579+00:00","0c1c7eda-e2a8-425e-a3e9-c659d9751eaa","","","","",""
"39f61882-6e70-4243-ab66-d6f657210812","silkie-white","Silkie - White","layer","Layers","White Silkies are small, gentle chickens with soft feathering and strong broody instincts. They are popular for pets and specialty flocks.","light_brown","under_150",,,,,,"True","False","2070","2026-05-24T16:48:38.61579+00:00","2026-06-10T19:33:45.616962+00:00","0c1c7eda-e2a8-425e-a3e9-c659d9751eaa","","","","",""
"8a9bd37d-f6e0-40f5-9012-dbbf28e35b48","spanish-white-faced-black","Spanish - White Faced Black",,"Layers",,,,,,,,,"True","False","2080","2026-05-24T16:48:38.61579+00:00","2026-05-24T16:48:38.61579+00:00","0c1c7eda-e2a8-425e-a3e9-c659d9751eaa","","","","",""
"ab0be360-7bae-46fb-b767-d1fa33ff2bbb","sultan","Sultan",,"Layers",,,,,,,,,"True","False","2090","2026-05-24T16:48:38.61579+00:00","2026-05-24T16:48:38.61579+00:00","0c1c7eda-e2a8-425e-a3e9-c659d9751eaa","","","","",""
"c30ad2f1-c245-498e-8848-0c7d5b786d6f","sumatra","Sumatra",,"Layers",,,,,,,,,"True","False","2100","2026-05-24T16:48:38.61579+00:00","2026-05-24T16:48:38.61579+00:00","0c1c7eda-e2a8-425e-a3e9-c659d9751eaa","","","","",""
"c42ba137-4cbf-407a-8e32-756839e2fe80","sussex-buff","Sussex - Buff",,"Dual Purpose",,,,,,,,,"True","False","2110","2026-05-24T16:48:38.61579+00:00","2026-05-24T16:48:38.61579+00:00","0c1c7eda-e2a8-425e-a3e9-c659d9751eaa","","","","",""
"6ccb05e7-404e-4bea-9229-dcc991bb7582","sussex-light","Sussex - Light",,"Dual Purpose",,,,,,,,,"True","False","2120","2026-05-24T16:48:38.61579+00:00","2026-05-24T16:48:38.61579+00:00","0c1c7eda-e2a8-425e-a3e9-c659d9751eaa","","","","",""
"8b6aa00c-29e3-45fc-84f5-c0e5f78887c2","sussex-speckled","Sussex - Speckled","dual_purpose","Dual Purpose","Speckled Sussex are friendly dual-purpose chickens with attractive mottled plumage, good foraging habits, and steady brown eggs.","brown","200_250",,,,,,"True","False","2130","2026-05-24T16:48:38.61579+00:00","2026-06-10T19:33:45.616962+00:00","0c1c7eda-e2a8-425e-a3e9-c659d9751eaa","","","","",""
"817ebe0b-afa4-4949-a4fe-1d5255561385","vorwerk","Vorwerk",,"Layers",,,,,,,,,"True","False","2140","2026-05-24T16:48:38.61579+00:00","2026-05-24T16:48:38.61579+00:00","0c1c7eda-e2a8-425e-a3e9-c659d9751eaa","","","","",""
"ba4b8f3e-8147-4de6-a98b-11d4fda42f7e","welsummer","Welsummer","dual_purpose","Dual Purpose","Welsummer are active dual-purpose birds known for rich brown speckled eggs and classic partridge coloring.","dark_brown","150_200",,,,,,"True","False","2150","2026-05-24T16:48:38.61579+00:00","2026-06-10T19:33:45.616962+00:00","0c1c7eda-e2a8-425e-a3e9-c659d9751eaa","","","","",""
"0862136d-155a-4be1-975a-92501c18839c","whiting-creole-blue","Whiting Creole Blue",,"Specialty / Project",,,,,,,,,"True","False","2160","2026-05-24T16:48:38.61579+00:00","2026-05-24T16:48:38.61579+00:00","0c1c7eda-e2a8-425e-a3e9-c659d9751eaa","","","","",""
"fdadc55f-09e8-4a4c-974e-46f43ae7a2c4","whiting-green","Whiting Green",,"Specialty / Project",,,,,,,,,"True","False","2170","2026-05-24T16:48:38.61579+00:00","2026-05-24T16:48:38.61579+00:00","0c1c7eda-e2a8-425e-a3e9-c659d9751eaa","","","","",""
"a97b33ec-d4f0-4fc4-a025-4b5d4464cb5b","whiting-true-blue","Whiting True Blue",,"Specialty / Project",,,,,,,,,"True","False","2180","2026-05-24T16:48:38.61579+00:00","2026-05-24T16:48:38.61579+00:00","0c1c7eda-e2a8-425e-a3e9-c659d9751eaa","","","","",""
"b419baa8-a049-496b-96eb-6ce0a6f83492","wyandotte-black","Wyandotte - Black",,"Dual Purpose",,,,,,,,,"True","False","2190","2026-05-24T16:48:38.61579+00:00","2026-05-24T16:48:38.61579+00:00","0c1c7eda-e2a8-425e-a3e9-c659d9751eaa","","","","",""
"dd7c2ab5-1bb3-4c2f-848a-1acea19a1642","wyandotte-blue","Wyandotte - Blue",,"Dual Purpose",,,,,,,,,"True","False","2200","2026-05-24T16:48:38.61579+00:00","2026-05-24T16:48:38.61579+00:00","0c1c7eda-e2a8-425e-a3e9-c659d9751eaa","","","","",""
"43fd9b9f-2624-433a-849b-b7f403b12fc7","wyandotte-blue-laced-red","Wyandotte - Blue Laced Red",,"Dual Purpose",,,,,,,,,"True","False","2210","2026-05-24T16:48:38.61579+00:00","2026-05-24T16:48:38.61579+00:00","0c1c7eda-e2a8-425e-a3e9-c659d9751eaa","","","","",""
"2ed4591f-66e7-457c-8a02-d27419c78abe","wyandotte-buff","Wyandotte - Buff",,"Dual Purpose",,,,,,,,,"True","False","2220","2026-05-24T16:48:38.61579+00:00","2026-05-24T16:48:38.61579+00:00","0c1c7eda-e2a8-425e-a3e9-c659d9751eaa","","","","",""
"e995ffb8-e547-428b-9078-7055c3cd1156","wyandotte-columbian","Wyandotte - Columbian",,"Dual Purpose",,,,,,,,,"True","False","2230","2026-05-24T16:48:38.61579+00:00","2026-05-24T16:48:38.61579+00:00","0c1c7eda-e2a8-425e-a3e9-c659d9751eaa","","","","",""
"aafb42e4-2bc9-4c8c-84d2-64594f1d3346","wyandotte-golden-laced","Wyandotte - Golden Laced","dual_purpose","Dual Purpose","Golden Laced Wyandotte are cold-hardy dual-purpose chickens with rich laced feathering and steady brown egg production.","brown","200_250",,,,,,"True","False","2240","2026-05-24T16:48:38.61579+00:00","2026-06-10T19:33:45.616962+00:00","0c1c7eda-e2a8-425e-a3e9-c659d9751eaa","","","","",""
"7da74329-21a6-4c5a-b39c-97ffdf57d9d0","wyandotte-partridge","Wyandotte - Partridge",,"Dual Purpose",,,,,,,,,"True","False","2250","2026-05-24T16:48:38.61579+00:00","2026-05-24T16:48:38.61579+00:00","0c1c7eda-e2a8-425e-a3e9-c659d9751eaa","","","","",""
"002d08af-9992-4b69-911a-5e36729207aa","wyandotte-silver-laced","Wyandotte - Silver Laced","dual_purpose","Dual Purpose","Silver Laced Wyandotte are cold-hardy dual-purpose chickens with bold laced plumage and dependable brown eggs.","brown","200_250",,,,,,"True","False","2260","2026-05-24T16:48:38.61579+00:00","2026-06-10T19:33:45.616962+00:00","0c1c7eda-e2a8-425e-a3e9-c659d9751eaa","","","","",""
"6298e90b-d673-400c-9614-ea9de693b432","wyandotte-white","Wyandotte - White",,"Dual Purpose",,,,,,,,,"True","False","2270","2026-05-24T16:48:38.61579+00:00","2026-05-24T16:48:38.61579+00:00","0c1c7eda-e2a8-425e-a3e9-c659d9751eaa","","","","",""
"8d5b08b6-0b41-4676-a757-3292aba7adaf","yokohama","Yokohama",,"Layers",,,,,,,,,"True","False","2280","2026-05-24T16:48:38.61579+00:00","2026-05-24T16:48:38.61579+00:00","0c1c7eda-e2a8-425e-a3e9-c659d9751eaa","","","","",""
